TIME,battery_life,transducer_depth,turbidity,water_temperature,wave_height,wave_period
2014-06-15 00:00:00,11.6,1.495,0.85,16.6,0.136,3.0
2014-06-15 01:00:00,11.6,1.42,0.87,16.3,0.117,4.0
2014-06-15 02:00:00,11.6,1.478,0.79,16.1,0.114,7.0
2014-06-15 03:00:00,11.6,1.518,0.76,15.9,0.111,3.0
2014-06-15 04:00:00,11.6,1.507,0.77,15.7,0.107,3.0
2014-06-15 05:00:00,11.6,1.484,0.73,15.6,0.104,3.0
2014-06-15 06:00:00,11.6,1.457,0.65,15.5,0.11,3.0
2014-06-15 07:00:00,11.6,1.504,0.68,15.5,0.117,3.0
2014-06-15 08:00:00,11.6,1.435,0.65,15.5,0.108,3.0
2014-06-15 09:00:00,11.6,1.435,0.65,15.5,0.108,3.0
2014-06-15 10:00:00,11.6,1.46,0.62,15.9,0.115,3.0
2014-06-15 11:00:00,11.6,1.466,0.63,16.1,0.12,3.0
2014-06-15 12:00:00,11.5,1.384,0.62,16.3,0.105,4.0
2014-06-15 13:00:00,11.5,1.429,0.62,16.4,0.105,4.0
2014-06-15 14:00:00,11.5,1.429,0.62,16.4,0.105,4.0
2014-06-15 15:00:00,11.5,1.386,0.81,16.9,0.116,3.0
2014-06-15 16:00:00,11.5,1.386,0.81,16.9,0.116,3.0
2014-06-15 17:00:00,11.5,1.438,1.03,17.2,0.111,3.0
2014-06-15 18:00:00,11.5,1.417,1.07,17.4,0.103,4.0
2014-06-15 19:00:00,11.5,1.373,1.03,17.4,0.104,3.0
2014-06-15 20:00:00,11.5,1.524,1.0,17.3,0.117,6.0
2014-06-15 21:00:00,11.5,1.362,0.85,17.0,0.117,6.0
2014-06-15 22:00:00,11.5,1.476,0.87,16.8,0.119,5.0
2014-06-15 23:00:00,11.5,1.479,0.83,16.8,0.118,3.0
2014-06-16 00:00:00,11.5,1.513,0.78,16.7,0.096,4.0
2014-06-16 01:00:00,11.5,1.464,0.75,16.6,0.089,4.0
2014-06-16 02:00:00,11.5,1.504,0.84,16.5,0.093,7.0
2014-06-16 03:00:00,11.5,1.481,0.72,16.4,0.086,6.0
2014-06-16 04:00:00,11.5,1.57,0.71,16.4,0.118,3.0
2014-06-16 05:00:00,11.5,1.481,0.69,16.4,0.087,5.0
2014-06-16 06:00:00,11.5,1.559,0.64,16.4,0.081,4.0
2014-06-16 07:00:00,11.5,1.551,0.65,16.5,0.079,4.0
2014-06-16 08:00:00,11.5,1.531,0.74,16.7,0.078,6.0
2014-06-16 09:00:00,11.5,1.496,0.72,17.1,0.089,6.0
2014-06-16 10:00:00,11.5,1.496,0.72,17.1,0.089,6.0
2014-06-16 11:00:00,11.5,1.501,0.57,18.1,0.087,4.0
2014-06-16 12:00:00,11.5,1.442,0.52,18.4,0.096,3.0
2014-06-16 13:00:00,11.5,1.445,0.75,19.0,0.091,5.0
2014-06-16 14:00:00,11.5,1.445,0.75,19.0,0.091,5.0
2014-06-16 15:00:00,11.5,1.445,0.75,19.0,0.091,5.0
2014-06-16 16:00:00,11.5,1.55,0.59,18.5,0.13,3.0
2014-06-16 17:00:00,11.5,1.493,0.81,18.6,0.132,3.0
2014-06-16 18:00:00,11.5,1.474,0.8,18.0,0.141,4.0
2014-06-16 19:00:00,11.5,1.447,0.81,17.8,0.138,2.0
2014-06-16 20:00:00,11.5,1.38,0.95,17.8,0.144,6.0
2014-06-16 21:00:00,11.5,1.463,1.06,17.8,0.133,5.0
2014-06-16 22:00:00,11.5,1.444,0.94,17.6,0.131,5.0
2014-06-16 23:00:00,11.5,1.444,0.94,17.6,0.131,5.0
2014-06-17 00:00:00,11.5,1.387,0.69,16.7,0.108,3.0
2014-06-17 01:00:00,11.5,1.42,0.84,16.6,0.106,4.0
2014-06-17 02:00:00,11.5,1.347,0.76,16.3,0.099,7.0
2014-06-17 03:00:00,11.5,1.412,0.67,15.8,0.101,5.0
2014-06-17 04:00:00,11.5,1.502,0.68,15.5,0.109,5.0
2014-06-17 05:00:00,11.5,1.374,0.62,15.2,0.086,4.0
2014-06-17 06:00:00,11.4,1.351,0.57,15.3,0.087,5.0
2014-06-17 07:00:00,11.4,1.351,0.57,15.3,0.087,5.0
2014-06-17 08:00:00,11.4,1.25,0.7,15.5,0.114,3.0
2014-06-17 09:00:00,11.4,1.311,0.84,15.4,0.103,3.0
2014-06-17 10:00:00,11.4,1.286,0.63,15.7,0.096,3.0
2014-06-17 11:00:00,11.4,1.698,0.62,16.2,0.118,4.0
2014-06-17 12:00:00,11.4,1.698,0.62,16.2,0.118,4.0
2014-06-17 13:00:00,11.4,1.298,0.66,16.9,0.128,3.0
2014-06-17 14:00:00,11.4,1.394,0.59,17.6,0.128,4.0
2014-06-17 15:00:00,11.4,1.529,0.53,18.4,0.121,5.0
2014-06-17 16:00:00,11.4,1.385,0.51,17.9,0.121,3.0
2014-06-17 17:00:00,11.4,1.521,0.56,18.0,0.135,3.0
2014-06-17 18:00:00,11.4,1.521,0.56,18.0,0.135,3.0
2014-06-17 19:00:00,11.4,1.462,1.27,17.7,0.141,6.0
2014-06-17 20:00:00,11.4,1.432,0.84,17.1,0.137,3.0
2014-06-17 21:00:00,11.4,1.538,0.82,17.5,0.148,5.0
2014-06-17 22:00:00,11.4,1.38,0.91,17.1,0.127,4.0
2014-06-17 23:00:00,11.4,1.393,1.11,16.9,0.13,4.0
2014-06-18 00:00:00,11.4,1.382,0.78,16.7,0.103,4.0
2014-06-18 01:00:00,11.4,1.418,0.82,16.4,0.095,4.0
2014-06-18 02:00:00,11.4,1.435,0.78,16.2,0.092,7.0
2014-06-18 03:00:00,11.4,1.435,0.78,16.2,0.092,7.0
2014-06-18 04:00:00,11.4,1.349,0.79,15.8,0.085,4.0
2014-06-18 05:00:00,11.4,1.408,0.8,15.6,0.077,5.0
2014-06-18 06:00:00,11.4,1.436,0.79,15.6,0.078,5.0
2014-06-18 07:00:00,11.4,1.509,0.74,15.6,0.088,5.0
2014-06-18 08:00:00,11.4,1.447,0.86,15.5,0.095,5.0
2014-06-18 09:00:00,11.4,1.255,0.87,15.7,0.081,4.0
2014-06-18 10:00:00,11.4,1.634,0.76,15.8,0.103,4.0
2014-06-18 11:00:00,11.4,1.507,0.78,15.9,0.098,4.0
2014-06-18 12:00:00,11.4,1.718,1.67,15.5,0.343,3.0
2014-06-18 13:00:00,11.4,1.46,1.49,15.6,0.244,3.0
2014-06-18 14:00:00,11.4,1.247,1.2,15.7,0.203,3.0
2014-06-18 15:00:00,11.4,1.247,1.2,15.7,0.203,3.0
2014-06-18 16:00:00,11.4,1.547,2.77,16.5,0.205,3.0
2014-06-18 17:00:00,11.4,1.677,3.17,16.5,0.22,4.0
2014-06-18 18:00:00,11.3,1.495,2.38,16.5,0.219,4.0
2014-06-18 19:00:00,11.3,1.495,2.38,16.5,0.219,4.0
2014-06-18 20:00:00,11.3,1.625,3.07,16.1,0.309,3.0
2014-06-18 21:00:00,11.3,1.532,2.31,16.0,0.311,3.0
2014-06-18 22:00:00,11.3,1.558,2.67,16.0,0.3,4.0
2014-06-18 23:00:00,11.3,1.63,5.86,16.0,0.283,3.0
2014-06-19 00:00:00,11.0,1.395,8.95,15.9,0.289,3.0
2014-06-19 01:00:00,11.1,1.688,4.79,15.8,0.282,3.0
2014-06-19 02:00:00,11.3,1.479,3.94,15.8,0.285,3.0
2014-06-19 03:00:00,11.3,1.627,7.42,15.7,0.332,4.0
2014-06-19 04:00:00,11.2,1.574,3.94,15.7,0.321,4.0
2014-06-19 05:00:00,10.8,1.599,2.9,15.7,0.29,3.0
2014-06-19 06:00:00,11.2,1.615,3.1,15.7,0.29,4.0
2014-06-19 07:00:00,11.3,1.697,3.13,15.7,0.312,3.0
2014-06-19 08:00:00,11.3,1.613,3.55,15.7,0.312,3.0
2014-06-19 09:00:00,11.3,1.677,4.08,15.8,0.283,3.0
2014-06-19 10:00:00,11.3,1.51,2.85,16.0,0.263,3.0
2014-06-19 11:00:00,11.3,1.599,3.06,16.1,0.235,4.0
2014-06-19 12:00:00,11.3,1.473,1.42,16.6,0.226,4.0
2014-06-19 13:00:00,11.3,1.664,1.67,16.8,0.213,3.0
2014-06-19 14:00:00,11.3,1.639,1.81,17.1,0.196,4.0
2014-06-19 15:00:00,11.3,1.436,1.6,17.4,0.233,4.0
2014-06-19 16:00:00,11.3,1.685,1.53,17.5,0.241,4.0
2014-06-19 17:00:00,11.3,1.539,1.41,17.5,0.254,4.0
2014-06-19 18:00:00,11.3,1.637,1.38,17.5,0.24,3.0
2014-06-19 19:00:00,11.3,1.529,1.43,17.7,0.263,3.0
2014-06-19 20:00:00,11.3,1.526,3.47,18.2,0.286,3.0
2014-06-19 21:00:00,11.3,1.68,2.39,18.1,0.273,3.0
2014-06-19 22:00:00,11.3,1.53,2.9,17.6,0.264,3.0
2014-06-19 23:00:00,11.3,1.641,1.86,17.6,0.247,3.0
2014-06-20 00:00:00,11.3,1.605,1.56,17.4,0.228,3.0
2014-06-20 01:00:00,11.3,1.555,1.68,17.4,0.212,3.0
2014-06-20 02:00:00,11.3,1.599,2.39,17.5,0.2,3.0
2014-06-20 03:00:00,11.3,1.41,2.18,17.3,0.166,4.0
2014-06-20 04:00:00,11.3,1.608,1.62,17.1,0.171,3.0
2014-06-20 05:00:00,11.3,1.53,1.94,17.2,0.169,3.0
2014-06-20 06:00:00,11.3,1.571,1.55,17.1,0.157,3.0
2014-06-20 07:00:00,11.3,1.613,0.93,17.0,0.182,3.0
2014-06-20 08:00:00,11.3,1.515,1.51,17.1,0.15,3.0
2014-06-20 09:00:00,11.3,1.533,1.22,17.2,0.152,3.0
2014-06-20 10:00:00,11.3,1.546,1.12,17.3,0.139,3.0
2014-06-20 11:00:00,11.3,1.523,1.28,17.7,0.133,3.0
2014-06-20 12:00:00,11.3,1.592,1.22,17.9,0.135,3.0
2014-06-20 13:00:00,11.3,1.592,1.22,17.9,0.135,3.0
2014-06-20 14:00:00,11.2,1.538,0.93,17.8,0.139,3.0
2014-06-20 15:00:00,11.2,1.564,0.8,18.0,0.148,3.0
2014-06-20 16:00:00,11.2,1.592,0.75,18.1,0.147,3.0
2014-06-20 17:00:00,11.2,1.605,0.75,18.6,0.155,3.0
2014-06-20 18:00:00,11.3,1.559,0.74,18.4,0.18,2.0
2014-06-20 19:00:00,11.3,1.555,0.77,18.5,0.255,2.0
2014-06-20 20:00:00,11.3,1.553,1.9,19.6,0.238,3.0
2014-06-20 21:00:00,11.3,1.542,2.32,19.2,0.251,3.0
2014-06-20 22:00:00,11.2,1.608,1.42,18.2,0.267,3.0
2014-06-20 23:00:00,11.3,1.551,1.27,18.0,0.264,3.0
2014-06-21 00:00:00,11.3,1.577,1.12,18.0,0.26,3.0
2014-06-21 01:00:00,11.2,1.541,1.31,17.9,0.248,4.0
2014-06-21 02:00:00,11.2,1.592,1.33,17.9,0.263,4.0
2014-06-21 03:00:00,11.1,1.596,1.58,17.8,0.281,3.0
2014-06-21 04:00:00,11.2,1.509,1.41,17.7,0.265,3.0
2014-06-21 05:00:00,11.2,1.527,1.48,17.7,0.25,3.0
2014-06-21 06:00:00,11.2,1.57,1.4,17.6,0.251,3.0
2014-06-21 07:00:00,11.0,1.571,1.6,17.6,0.213,3.0
2014-06-21 08:00:00,11.1,1.55,1.2,17.7,0.209,3.0
2014-06-21 09:00:00,11.2,1.518,2.69,18.0,0.199,4.0
2014-06-21 10:00:00,11.2,1.622,2.04,18.1,0.203,4.0
2014-06-21 11:00:00,11.2,1.519,1.47,18.1,0.178,3.0
2014-06-21 12:00:00,11.2,1.502,0.96,18.4,0.181,3.0
2014-06-21 13:00:00,11.2,1.506,0.87,18.6,0.174,3.0
2014-06-21 14:00:00,11.2,1.467,1.27,18.8,0.166,3.0
2014-06-21 15:00:00,11.2,1.503,1.19,19.0,0.176,3.0
2014-06-21 16:00:00,11.2,1.454,0.99,18.8,0.16,3.0
2014-06-21 17:00:00,11.2,1.52,1.11,18.7,0.173,3.0
2014-06-21 18:00:00,11.2,1.52,1.11,18.7,0.173,3.0
2014-06-21 19:00:00,11.2,1.52,1.11,18.7,0.173,3.0
2014-06-21 20:00:00,11.2,1.512,1.19,18.6,0.181,3.0
2014-06-21 21:00:00,11.2,1.525,0.91,18.2,0.229,3.0
2014-06-21 22:00:00,11.2,1.505,0.95,18.2,0.215,3.0
2014-06-21 23:00:00,11.2,1.452,0.83,18.0,0.181,3.0
2014-06-22 00:00:00,11.2,1.461,0.91,18.0,0.156,2.0
2014-06-22 01:00:00,11.2,1.592,0.81,17.9,0.139,4.0
2014-06-22 02:00:00,11.2,1.487,0.72,17.9,0.124,4.0
2014-06-22 03:00:00,11.2,1.483,0.77,17.8,0.154,4.0
2014-06-22 04:00:00,11.2,1.519,0.81,17.8,0.159,4.0
2014-06-22 05:00:00,11.2,1.46,0.73,17.8,0.158,2.0
2014-06-22 06:00:00,11.2,1.514,0.7,17.8,0.168,2.0
2014-06-22 07:00:00,11.2,1.499,0.79,17.8,0.168,3.0
2014-06-22 08:00:00,11.2,1.492,1.02,18.0,0.143,2.0
2014-06-22 09:00:00,11.2,1.539,1.06,18.2,0.138,4.0
2014-06-22 10:00:00,11.2,1.496,1.07,18.5,0.128,4.0
2014-06-22 11:00:00,11.2,1.527,0.97,18.6,0.108,4.0
2014-06-22 12:00:00,11.2,1.563,0.54,18.7,0.152,2.0
2014-06-22 13:00:00,11.2,1.553,0.54,18.9,0.21,2.0
2014-06-22 14:00:00,11.2,1.519,0.7,19.3,0.222,2.0
2014-06-22 15:00:00,11.2,1.501,0.93,20.0,0.208,2.0
2014-06-22 16:00:00,11.2,1.532,0.94,20.1,0.23,3.0
2014-06-22 17:00:00,11.2,1.475,1.01,20.4,0.211,2.0
2014-06-22 18:00:00,11.2,1.458,1.1,20.5,0.189,2.0
2014-06-22 19:00:00,11.2,1.567,1.06,20.4,0.178,2.0
2014-06-22 20:00:00,11.2,1.475,1.04,20.3,0.187,3.0
2014-06-22 21:00:00,11.2,1.574,1.35,20.4,0.194,2.0
2014-06-22 22:00:00,11.2,1.55,1.38,20.4,0.196,2.0
2014-06-22 23:00:00,11.2,1.489,1.69,20.3,0.161,2.0
2014-06-23 00:00:00,11.2,1.478,1.02,19.7,0.162,2.0
2014-06-23 01:00:00,11.2,1.486,0.87,19.5,0.148,2.0
2014-06-23 02:00:00,11.2,1.576,0.81,19.3,0.151,6.0
2014-06-23 03:00:00,11.2,1.501,0.75,19.3,0.131,6.0
2014-06-23 04:00:00,11.2,1.475,0.87,19.3,0.167,2.0
2014-06-23 05:00:00,11.2,1.465,1.07,19.4,0.173,2.0
2014-06-23 06:00:00,11.2,1.465,1.07,19.4,0.173,2.0
2014-06-23 07:00:00,11.2,1.524,1.0,19.3,0.155,2.0
2014-06-23 08:00:00,11.2,1.542,1.21,19.2,0.147,3.0
2014-06-23 09:00:00,11.2,1.554,1.47,19.1,0.146,2.0
2014-06-23 10:00:00,11.1,1.536,0.83,19.0,0.126,2.0
2014-06-23 11:00:00,11.1,1.443,0.57,19.0,0.105,2.0
2014-06-23 12:00:00,11.1,1.519,0.53,19.1,0.106,4.0
2014-06-23 13:00:00,11.1,1.542,0.49,19.4,0.129,2.0
2014-06-23 14:00:00,11.1,1.545,0.5,19.6,0.109,4.0
2014-06-23 15:00:00,11.1,1.53,0.48,19.8,0.103,4.0
2014-06-23 16:00:00,11.1,1.487,0.43,19.9,0.112,4.0
2014-06-23 17:00:00,11.1,1.487,0.43,19.9,0.112,4.0
2014-06-23 18:00:00,11.1,1.455,0.55,20.5,0.121,3.0
2014-06-23 19:00:00,11.1,1.455,0.55,20.5,0.121,3.0
2014-06-23 20:00:00,11.1,1.47,0.65,20.1,0.131,6.0
2014-06-23 21:00:00,11.1,1.456,0.61,19.9,0.124,6.0
2014-06-23 22:00:00,11.1,1.575,0.53,19.5,0.12,5.0
2014-06-23 23:00:00,11.1,1.491,0.53,19.8,0.114,5.0
2014-06-24 00:00:00,11.1,1.543,0.61,19.7,0.096,2.0
2014-06-24 01:00:00,11.1,1.527,0.56,19.4,0.096,7.0
2014-06-24 02:00:00,11.1,1.441,0.61,19.4,0.097,7.0
2014-06-24 03:00:00,11.1,1.547,0.67,19.4,0.099,6.0
2014-06-24 04:00:00,11.1,1.439,0.63,19.5,0.095,5.0
2014-06-24 05:00:00,11.1,1.512,0.53,19.6,0.092,5.0
2014-06-24 06:00:00,11.1,1.443,0.51,19.6,0.086,3.0
2014-06-24 07:00:00,11.1,1.496,0.52,19.6,0.088,2.0
2014-06-24 08:00:00,11.1,1.463,0.64,19.6,0.085,2.0
2014-06-24 09:00:00,11.1,1.491,0.71,19.5,0.08,3.0
2014-06-24 10:00:00,11.1,1.543,0.62,19.4,0.078,3.0
2014-06-24 11:00:00,11.1,1.509,0.47,19.4,0.085,4.0
2014-06-24 12:00:00,11.1,1.445,0.46,19.8,0.09,4.0
2014-06-24 13:00:00,11.1,1.548,0.54,20.0,0.129,3.0
2014-06-24 14:00:00,11.1,1.469,0.64,20.3,0.153,2.0
2014-06-24 15:00:00,11.1,1.485,0.67,20.7,0.159,2.0
2014-06-24 16:00:00,11.1,1.51,0.69,21.4,0.132,4.0
2014-06-24 17:00:00,11.1,1.482,0.8,21.5,0.117,4.0
2014-06-24 18:00:00,11.1,1.505,0.71,21.2,0.11,3.0
2014-06-24 19:00:00,11.1,1.525,0.59,20.8,0.114,4.0
2014-06-24 20:00:00,11.1,1.444,0.64,21.0,0.117,3.0
2014-06-24 21:00:00,11.1,1.444,0.64,21.0,0.117,3.0
2014-06-24 22:00:00,11.1,1.502,0.54,20.8,0.105,4.0
2014-06-24 23:00:00,11.1,1.54,0.53,20.6,0.11,9.0
2014-06-25 00:00:00,11.1,1.542,0.51,20.6,0.105,2.0
2014-06-25 01:00:00,11.0,1.554,0.53,20.5,0.1,7.0
2014-06-25 02:00:00,11.1,1.546,0.52,20.5,0.102,6.0
2014-06-25 03:00:00,11.1,1.592,0.46,20.3,0.145,2.0
2014-06-25 04:00:00,11.1,1.59,0.49,20.2,0.267,2.0
2014-06-25 05:00:00,11.1,1.505,0.59,20.1,0.259,3.0
2014-06-25 06:00:00,11.1,1.489,0.82,20.0,0.244,3.0
2014-06-25 07:00:00,11.1,1.475,0.85,19.9,0.256,3.0
2014-06-25 08:00:00,11.1,1.523,1.19,19.9,0.274,3.0
2014-06-25 09:00:00,11.1,1.523,1.19,19.9,0.274,3.0
2014-06-25 10:00:00,11.1,1.567,0.8,20.0,0.268,3.0
2014-06-25 11:00:00,11.0,1.615,0.85,20.1,0.255,3.0
2014-06-25 12:00:00,11.0,1.615,0.85,20.1,0.255,3.0
2014-06-25 13:00:00,11.0,1.63,0.89,20.2,0.244,3.0
2014-06-25 14:00:00,11.0,1.59,0.99,20.4,0.22,3.0
2014-06-25 15:00:00,11.0,1.577,1.49,20.5,0.311,3.0
2014-06-25 16:00:00,11.0,1.596,2.29,20.4,0.344,4.0
2014-06-25 17:00:00,11.0,1.58,2.01,20.1,0.394,3.0
2014-06-25 18:00:00,11.0,1.568,2.06,20.0,0.39,4.0
2014-06-25 19:00:00,11.0,1.629,1.9,19.9,0.372,4.0
2014-06-25 20:00:00,11.0,1.619,1.99,19.8,0.369,4.0
2014-06-25 21:00:00,11.0,1.595,2.49,19.7,0.348,4.0
2014-06-25 22:00:00,11.0,1.62,2.35,19.6,0.32,4.0
2014-06-25 23:00:00,11.0,1.613,2.03,19.5,0.302,4.0
2014-06-26 00:00:00,11.0,1.66,2.64,19.5,0.289,4.0
2014-06-26 01:00:00,11.0,1.613,2.66,19.5,0.263,5.0
2014-06-26 02:00:00,11.0,1.59,2.4,19.4,0.254,4.0
2014-06-26 03:00:00,11.0,1.659,2.81,19.4,0.254,4.0
2014-06-26 04:00:00,11.0,1.607,2.44,19.3,0.281,4.0
2014-06-26 05:00:00,11.0,1.598,2.46,19.0,0.27,4.0
2014-06-26 06:00:00,11.0,1.594,2.51,19.0,0.272,4.0
2014-06-26 07:00:00,11.0,1.602,2.07,18.9,0.26,5.0
2014-06-26 08:00:00,11.0,1.61,2.02,18.9,0.275,4.0
2014-06-26 09:00:00,11.0,1.583,1.86,18.9,0.289,5.0
2014-06-26 10:00:00,11.0,1.609,1.95,19.0,0.27,4.0
2014-06-26 11:00:00,11.0,1.609,1.95,19.0,0.27,4.0
2014-06-26 12:00:00,11.0,1.61,2.16,19.3,0.255,4.0
2014-06-26 13:00:00,11.0,1.619,1.69,19.7,0.263,4.0
2014-06-26 14:00:00,11.0,1.652,1.96,19.9,0.239,4.0
2014-06-26 15:00:00,11.0,1.614,1.67,20.2,0.235,4.0
2014-06-26 16:00:00,11.0,1.597,2.1,20.5,0.227,4.0
2014-06-26 17:00:00,11.0,1.604,2.1,20.6,0.247,4.0
2014-06-26 18:00:00,11.0,1.563,2.75,20.9,0.228,4.0
2014-06-26 19:00:00,11.0,1.528,2.52,20.9,0.234,4.0
2014-06-26 20:00:00,11.0,1.6,2.04,20.7,0.23,4.0
2014-06-26 21:00:00,11.0,1.567,2.67,20.6,0.214,3.0
2014-06-26 22:00:00,11.0,1.606,2.55,20.5,0.234,3.0
2014-06-26 23:00:00,11.0,1.638,2.33,20.4,0.219,3.0
2014-06-27 00:00:00,11.0,1.593,2.48,20.2,0.21,4.0
2014-06-27 01:00:00,11.0,1.632,2.15,20.0,0.202,4.0
2014-06-27 02:00:00,11.0,1.638,1.85,19.5,0.209,4.0
2014-06-27 03:00:00,11.0,1.595,1.17,19.5,0.195,3.0
2014-06-27 04:00:00,11.0,1.563,1.06,19.5,0.206,2.0
2014-06-27 05:00:00,11.0,1.624,0.99,19.5,0.198,4.0
2014-06-27 06:00:00,11.0,1.599,0.95,19.4,0.183,4.0
2014-06-27 07:00:00,11.0,1.534,0.93,19.4,0.185,3.0
2014-06-27 08:00:00,11.0,1.601,0.86,19.4,0.191,3.0
2014-06-27 09:00:00,11.0,1.582,0.76,19.6,0.179,3.0
2014-06-27 10:00:00,11.0,1.602,0.75,19.8,0.175,3.0
2014-06-27 11:00:00,11.0,1.605,0.67,20.3,0.17,3.0
2014-06-27 12:00:00,11.0,1.586,0.73,20.6,0.177,3.0
2014-06-27 13:00:00,11.0,1.615,0.7,21.0,0.166,2.0
2014-06-27 14:00:00,11.0,1.622,0.99,21.4,0.163,2.0
2014-06-27 15:00:00,11.0,1.623,1.95,22.6,0.157,3.0
2014-06-27 16:00:00,11.0,1.588,0.9,21.8,0.145,3.0
2014-06-27 17:00:00,10.6,1.564,0.81,21.6,0.14,4.0
2014-06-27 18:00:00,9.7,1.621,0.74,21.0,0.153,3.0
2014-06-27 19:00:00,10.4,1.517,0.81,20.6,0.129,3.0
2014-06-27 20:00:00,10.9,1.576,0.76,20.1,0.132,3.0
2014-06-27 21:00:00,10.9,1.544,0.7,19.8,0.132,4.0
2014-06-27 22:00:00,10.9,1.598,0.65,19.5,0.134,10.0
2014-06-27 23:00:00,11.0,1.592,0.69,19.4,0.123,3.0
2014-06-28 00:00:00,10.8,1.61,0.62,19.2,0.117,8.0
2014-06-28 01:00:00,10.8,1.604,0.62,19.2,0.105,8.0
2014-06-28 02:00:00,10.7,1.622,0.69,19.1,0.121,7.0
2014-06-28 03:00:00,10.8,1.621,0.71,19.1,0.114,4.0
2014-06-28 04:00:00,10.8,1.603,0.65,19.0,0.111,5.0
2014-06-28 05:00:00,10.9,1.563,0.62,19.0,0.1,4.0
2014-06-28 06:00:00,10.9,1.579,0.58,19.0,0.094,4.0
2014-06-28 07:00:00,10.9,1.592,0.61,19.0,0.09,4.0
2014-06-28 08:00:00,10.0,1.565,0.67,19.0,0.091,3.0
2014-06-28 09:00:00,10.9,1.575,0.65,19.1,0.093,4.0
2014-06-28 10:00:00,10.9,1.61,0.57,19.1,0.105,8.0
2014-06-28 11:00:00,10.9,1.61,0.57,19.1,0.105,8.0
2014-06-28 12:00:00,10.9,1.6,0.59,19.2,0.131,3.0
2014-06-28 13:00:00,10.9,1.595,0.7,19.4,0.127,4.0
2014-06-28 14:00:00,10.9,1.595,0.7,19.4,0.127,4.0
2014-06-28 15:00:00,10.9,1.566,0.71,19.3,0.149,3.0
2014-06-28 16:00:00,10.3,1.552,0.74,19.4,0.133,10.0
2014-06-28 17:00:00,8.9,1.565,0.78,19.2,0.116,3.0
2014-06-28 18:00:00,10.7,1.579,0.78,19.1,0.127,4.0
2014-06-28 19:00:00,10.3,1.556,0.86,18.9,0.146,5.0
2014-06-28 20:00:00,10.0,1.511,0.71,18.8,0.122,4.0
2014-06-28 21:00:00,10.1,1.541,0.71,18.6,0.107,6.0
2014-06-28 22:00:00,10.8,1.48,0.72,18.6,0.109,5.0
2014-06-28 23:00:00,10.6,1.591,0.71,18.6,0.114,9.0
2014-06-29 00:00:00,10.9,1.545,0.72,18.5,0.109,4.0
2014-06-29 01:00:00,10.8,1.607,0.76,18.3,0.101,7.0
2014-06-29 02:00:00,10.8,1.584,0.75,18.2,0.097,6.0
2014-06-29 03:00:00,10.0,1.48,0.66,18.1,0.092,6.0
2014-06-29 04:00:00,10.1,1.553,0.67,18.1,0.091,5.0
2014-06-29 05:00:00,10.4,1.499,0.68,18.1,0.085,5.0
2014-06-29 06:00:00,9.6,1.459,0.64,18.0,0.092,3.0
2014-06-29 07:00:00,10.8,1.506,0.62,18.0,0.09,3.0
2014-06-29 08:00:00,10.9,1.478,0.75,17.9,0.085,4.0
2014-06-29 09:00:00,10.9,1.51,0.64,17.9,0.081,4.0
2014-06-29 10:00:00,10.9,1.504,0.58,17.8,0.08,3.0
2014-06-29 11:00:00,10.9,1.523,0.74,17.8,0.096,10.0
2014-06-29 12:00:00,10.9,1.561,0.7,17.9,0.105,4.0
2014-06-29 13:00:00,10.9,1.5,0.95,17.8,0.143,3.0
2014-06-29 14:00:00,10.0,1.587,0.87,17.5,0.141,2.0
2014-06-29 15:00:00,10.9,1.554,0.87,17.9,0.147,4.0
2014-06-29 16:00:00,10.6,1.51,1.31,17.6,0.143,3.0
2014-06-29 17:00:00,10.8,1.523,0.93,17.6,0.159,3.0
2014-06-29 18:00:00,10.9,1.491,1.04,17.1,0.146,4.0
2014-06-29 19:00:00,10.9,1.48,0.86,17.0,0.137,7.0
2014-06-29 20:00:00,10.9,1.472,0.86,17.2,0.122,5.0
2014-06-29 21:00:00,10.2,1.488,0.84,16.7,0.115,4.0
2014-06-29 22:00:00,10.9,1.454,0.77,16.0,0.097,4.0
2014-06-29 23:00:00,10.8,1.405,0.69,15.8,0.094,4.0
2014-06-30 00:00:00,10.2,1.492,0.71,15.7,0.092,3.0
2014-06-30 01:00:00,10.3,1.514,0.68,15.6,0.083,8.0
2014-06-30 02:00:00,10.7,1.489,0.69,15.5,0.092,7.0
2014-06-30 03:00:00,10.4,1.49,0.72,15.4,0.087,6.0
2014-06-30 04:00:00,10.3,1.449,0.78,15.2,0.089,5.0
2014-06-30 05:00:00,9.1,1.444,0.73,15.1,0.077,5.0
2014-06-30 06:00:00,10.6,1.416,0.77,15.1,0.08,5.0
2014-06-30 07:00:00,10.6,1.32,0.85,15.1,0.093,6.0
2014-06-30 08:00:00,10.3,1.473,0.76,15.2,0.102,4.0
2014-06-30 09:00:00,9.1,1.481,0.89,15.2,0.101,4.0
2014-06-30 10:00:00,10.7,1.315,0.84,15.3,0.092,4.0
2014-06-30 11:00:00,10.2,1.454,0.89,15.2,0.097,4.0
2014-06-30 12:00:00,10.8,1.419,0.88,15.3,0.104,3.0
2014-06-30 13:00:00,10.8,1.486,1.16,15.3,0.103,4.0
2014-06-30 14:00:00,10.8,1.415,0.78,15.3,0.1,4.0
2014-06-30 15:00:00,9.2,1.401,1.04,15.3,0.095,4.0
2014-06-30 16:00:00,10.8,1.575,0.89,15.1,0.104,4.0
2014-06-30 17:00:00,9.5,1.332,1.15,15.1,0.104,4.0
2014-06-30 18:00:00,10.8,1.495,0.94,14.8,0.098,3.0
2014-06-30 19:00:00,10.8,1.382,0.81,14.7,0.101,7.0
2014-06-30 20:00:00,10.8,1.406,0.88,14.4,0.163,2.0
2014-06-30 21:00:00,10.6,1.487,0.8,14.4,0.168,2.0
2014-06-30 22:00:00,10.8,1.297,0.82,14.5,0.174,3.0
2014-06-30 23:00:00,10.7,1.641,1.4,14.6,0.352,3.0
2014-07-01 00:00:00,10.0,1.556,2.01,14.7,0.306,4.0
2014-07-01 01:00:00,10.7,1.132,2.13,14.7,0.222,3.0
2014-07-01 02:00:00,10.7,1.561,2.35,14.8,0.17,3.0
2014-07-01 03:00:00,10.8,1.694,1.85,14.9,0.183,3.0
2014-07-01 04:00:00,10.8,1.597,1.82,15.0,0.176,4.0
2014-07-01 05:00:00,10.8,1.597,1.82,15.0,0.176,4.0
2014-07-01 06:00:00,10.7,1.227,1.87,15.0,0.129,3.0
2014-07-01 07:00:00,10.7,1.46,1.5,15.1,0.111,4.0
2014-07-01 08:00:00,10.7,1.481,1.6,15.3,0.108,4.0
2014-07-01 09:00:00,10.7,1.349,1.78,15.6,0.115,4.0
2014-07-01 10:00:00,10.7,1.357,1.44,15.9,0.12,4.0
2014-07-01 11:00:00,10.5,1.231,1.59,16.4,0.107,3.0
2014-07-01 12:00:00,10.5,1.231,1.59,16.4,0.107,3.0
2014-07-01 13:00:00,10.5,1.231,1.59,16.4,0.107,3.0
2014-07-01 14:00:00,10.5,1.231,1.59,16.4,0.107,3.0
2014-07-01 15:00:00,10.5,1.231,1.59,16.4,0.107,3.0
2014-07-01 16:00:00,10.5,1.231,1.59,16.4,0.107,3.0
2014-07-01 17:00:00,10.5,1.231,1.59,16.4,0.107,3.0
2014-07-01 18:00:00,10.5,1.231,1.59,16.4,0.107,3.0
2014-07-01 19:00:00,10.5,1.231,1.59,16.4,0.107,3.0
2014-07-01 20:00:00,10.5,1.231,1.59,16.4,0.107,3.0
2014-07-01 21:00:00,10.7,1.403,1.63,16.9,0.107,3.0
2014-07-01 22:00:00,10.7,1.403,1.63,16.9,0.107,3.0
2014-07-01 23:00:00,10.7,1.463,0.89,16.7,0.092,3.0
2014-07-02 00:00:00,10.7,1.493,1.08,16.5,0.116,4.0
2014-07-02 01:00:00,10.7,1.439,1.29,16.2,0.089,4.0
2014-07-02 02:00:00,10.7,1.208,1.04,16.0,0.084,7.0
2014-07-02 03:00:00,10.7,1.415,0.99,15.9,0.081,6.0
2014-07-02 04:00:00,10.7,1.455,1.08,15.8,0.081,5.0
2014-07-02 05:00:00,10.7,1.507,0.81,15.8,0.084,9.0
2014-07-02 06:00:00,10.7,1.496,0.72,15.9,0.076,4.0
2014-07-02 07:00:00,10.7,1.362,0.78,15.9,0.075,4.0
2014-07-02 08:00:00,10.7,1.52,0.74,15.9,0.092,6.0
2014-07-02 09:00:00,9.7,1.47,0.73,16.1,0.116,3.0
2014-07-02 10:00:00,9.8,1.604,0.73,16.2,0.138,3.0
2014-07-02 11:00:00,9.8,1.545,0.71,16.4,0.133,2.0
2014-07-02 12:00:00,10.7,1.402,0.63,16.7,0.139,2.0
2014-07-02 13:00:00,10.7,1.541,0.66,16.7,0.151,3.0
2014-07-02 14:00:00,10.6,1.533,0.65,16.9,0.172,5.0
2014-07-02 15:00:00,10.7,1.683,1.04,16.8,0.312,3.0
2014-07-02 16:00:00,10.7,1.583,1.57,16.6,0.354,3.0
2014-07-02 17:00:00,10.6,1.504,1.79,16.6,0.33,3.0
2014-07-02 18:00:00,10.6,1.59,2.02,16.5,0.356,4.0
2014-07-02 19:00:00,10.7,1.561,2.52,16.6,0.338,4.0
2014-07-02 20:00:00,10.7,1.642,2.75,16.4,0.322,4.0
2014-07-02 21:00:00,10.7,1.557,3.69,16.4,0.303,4.0
2014-07-02 22:00:00,10.7,1.53,5.13,16.2,0.286,4.0
2014-07-02 23:00:00,10.7,1.621,3.95,16.2,0.281,4.0
2014-07-03 00:00:00,10.7,1.565,2.68,16.2,0.285,3.0
2014-07-03 01:00:00,10.7,1.565,2.68,16.2,0.285,3.0
2014-07-03 02:00:00,10.7,1.599,1.72,15.9,0.279,4.0
2014-07-03 03:00:00,10.7,1.513,1.69,15.9,0.282,4.0
2014-07-03 04:00:00,10.7,1.643,2.02,15.8,0.277,4.0
2014-07-03 05:00:00,10.7,1.623,1.22,16.3,0.389,3.0
2014-07-03 06:00:00,10.7,1.636,1.64,16.4,0.39,4.0
2014-07-03 07:00:00,10.7,1.504,3.86,16.4,0.336,4.0
2014-07-03 08:00:00,10.6,1.532,1.7,16.5,0.276,3.0
2014-07-03 09:00:00,10.6,1.667,1.45,16.8,0.253,4.0
2014-07-03 10:00:00,10.6,1.667,1.45,16.8,0.253,4.0
2014-07-03 11:00:00,9.3,1.57,1.74,17.2,0.247,5.0
2014-07-03 12:00:00,9.3,1.57,1.74,17.2,0.247,5.0
2014-07-03 13:00:00,10.6,1.544,1.9,17.9,0.245,5.0
2014-07-03 14:00:00,10.7,1.659,2.51,18.6,0.257,5.0
2014-07-03 15:00:00,8.3,1.616,2.2,18.6,0.268,4.0
2014-07-03 16:00:00,10.7,1.631,1.98,18.9,0.251,4.0
2014-07-03 17:00:00,10.7,1.627,1.54,19.0,0.238,4.0
2014-07-03 18:00:00,10.7,1.627,1.54,19.0,0.238,4.0
2014-07-03 19:00:00,10.7,1.627,1.54,19.0,0.238,4.0
2014-07-03 20:00:00,10.7,1.627,1.54,19.0,0.238,4.0
2014-07-03 21:00:00,9.1,1.681,1.41,18.6,0.192,3.0
2014-07-03 22:00:00,10.7,1.578,1.32,18.4,0.175,4.0
2014-07-03 23:00:00,9.9,1.583,1.33,18.3,0.159,4.0
2014-07-04 00:00:00,10.7,1.667,1.24,18.2,0.145,3.0
2014-07-04 01:00:00,10.4,1.609,1.41,18.0,0.142,4.0
2014-07-04 02:00:00,10.6,1.651,1.17,17.9,0.139,3.0
2014-07-04 03:00:00,10.6,1.606,1.38,17.6,0.127,6.0
2014-07-04 04:00:00,10.6,1.606,1.38,17.6,0.127,6.0
2014-07-04 05:00:00,10.6,1.671,1.12,17.3,0.106,4.0
2014-07-04 06:00:00,10.6,1.689,1.04,17.1,0.109,4.0
2014-07-04 07:00:00,10.4,1.699,1.04,17.1,0.104,4.0
2014-07-04 08:00:00,10.6,1.656,1.02,17.1,0.098,4.0
2014-07-04 09:00:00,10.6,1.638,0.96,17.3,0.145,3.0
2014-07-04 10:00:00,8.8,1.706,0.89,17.5,0.196,2.0
2014-07-04 11:00:00,10.6,1.693,1.03,17.9,0.212,2.0
2014-07-04 12:00:00,10.6,1.709,0.85,18.2,0.191,3.0
2014-07-04 13:00:00,10.6,1.646,0.84,19.1,0.206,3.0
2014-07-04 14:00:00,10.6,1.657,0.72,19.3,0.187,2.0
2014-07-04 15:00:00,10.6,1.698,0.71,19.5,0.207,3.0
2014-07-04 16:00:00,10.6,1.698,0.71,19.5,0.207,3.0
2014-07-04 17:00:00,10.6,1.697,1.48,21.0,0.217,2.0
2014-07-04 18:00:00,10.6,1.697,1.48,21.0,0.217,2.0
2014-07-04 19:00:00,10.6,1.627,0.9,20.0,0.228,2.0
2014-07-04 20:00:00,10.7,1.698,0.85,19.9,0.214,3.0
2014-07-04 21:00:00,10.6,1.686,1.04,19.7,0.189,3.0
2014-07-04 22:00:00,8.3,1.727,0.84,19.4,0.188,2.0
2014-07-04 23:00:00,10.1,1.628,0.65,19.1,0.206,3.0
2014-07-05 00:00:00,10.1,1.564,0.71,19.1,0.187,2.0
2014-07-05 01:00:00,9.4,1.633,0.64,19.0,0.146,2.0
2014-07-05 02:00:00,9.4,1.633,0.64,19.0,0.146,2.0
2014-07-05 03:00:00,10.6,1.646,0.69,18.8,0.132,3.0
2014-07-05 04:00:00,10.6,1.598,0.68,18.7,0.127,5.0
2014-07-05 05:00:00,10.6,1.598,0.68,18.7,0.127,5.0
2014-07-05 06:00:00,8.1,1.656,0.73,18.5,0.114,4.0
2014-07-05 07:00:00,9.0,1.59,0.8,18.4,0.105,8.0
2014-07-05 08:00:00,9.8,1.629,0.99,18.3,0.1,7.0
2014-07-05 09:00:00,9.8,1.613,0.92,17.7,0.097,3.0
2014-07-05 10:00:00,9.7,1.587,0.91,17.6,0.099,3.0
2014-07-05 11:00:00,10.6,1.621,1.09,17.5,0.1,3.0
2014-07-05 12:00:00,9.8,1.545,0.81,17.3,0.133,3.0
2014-07-05 13:00:00,10.6,1.578,1.0,17.4,0.118,4.0
2014-07-05 14:00:00,10.6,1.574,1.1,17.3,0.129,2.0
2014-07-05 15:00:00,10.6,1.555,1.1,17.0,0.158,6.0
2014-07-05 16:00:00,10.6,1.585,1.31,16.9,0.137,3.0
2014-07-05 17:00:00,10.6,1.566,1.06,16.9,0.134,4.0
2014-07-05 18:00:00,10.6,1.566,1.05,16.9,0.136,8.0
2014-07-05 19:00:00,10.6,1.55,1.01,16.7,0.152,4.0
2014-07-05 20:00:00,10.6,1.545,0.93,16.6,0.138,3.0
2014-07-05 21:00:00,10.5,1.515,0.98,16.4,0.136,6.0
2014-07-05 22:00:00,10.5,1.525,0.77,16.3,0.126,4.0
2014-07-05 23:00:00,10.6,1.526,0.77,16.3,0.161,4.0
2014-07-06 00:00:00,10.6,1.546,0.91,16.3,0.114,4.0
2014-07-06 01:00:00,10.6,1.501,0.87,16.2,0.086,4.0
2014-07-06 02:00:00,10.6,1.525,0.8,16.2,0.084,7.0
2014-07-06 03:00:00,10.5,1.503,0.81,16.1,0.091,6.0
2014-07-06 04:00:00,10.6,1.457,0.88,16.0,0.069,5.0
2014-07-06 05:00:00,10.6,1.467,0.8,16.0,0.071,5.0
2014-07-06 06:00:00,8.9,1.524,0.74,15.9,0.068,4.0
2014-07-06 07:00:00,8.0,1.505,0.82,15.8,0.069,4.0
2014-07-06 08:00:00,10.5,1.425,0.82,15.9,0.066,4.0
2014-07-06 09:00:00,10.6,1.46,0.81,15.9,0.075,3.0
2014-07-06 10:00:00,10.6,1.478,0.82,16.1,0.086,3.0
2014-07-06 11:00:00,10.5,1.488,0.88,16.2,0.114,3.0
2014-07-06 12:00:00,10.5,1.51,0.82,16.4,0.103,5.0
2014-07-06 13:00:00,10.6,1.501,1.15,16.0,0.116,3.0
2014-07-06 14:00:00,10.5,1.451,1.1,16.0,0.118,6.0
2014-07-06 15:00:00,10.6,1.411,1.18,16.4,0.129,5.0
2014-07-06 16:00:00,10.0,1.396,1.1,16.6,0.131,6.0
2014-07-06 17:00:00,10.5,1.393,1.01,16.5,0.118,4.0
2014-07-06 18:00:00,10.6,1.412,1.0,16.1,0.112,4.0
2014-07-06 19:00:00,10.6,1.346,0.92,15.6,0.11,3.0
2014-07-06 20:00:00,10.6,1.39,0.96,15.3,0.104,6.0
2014-07-06 21:00:00,10.5,1.405,0.94,15.3,0.092,6.0
2014-07-06 22:00:00,10.5,1.512,0.89,15.0,0.086,5.0
2014-07-06 23:00:00,8.7,1.4,0.76,14.8,0.095,3.0
2014-07-07 00:00:00,9.2,1.397,0.83,14.6,0.09,4.0
2014-07-07 01:00:00,9.3,1.358,0.78,14.5,0.083,8.0
2014-07-07 02:00:00,10.6,1.569,0.67,14.5,0.094,6.0
2014-07-07 03:00:00,10.5,1.346,0.63,14.3,0.096,4.0
2014-07-07 04:00:00,10.6,1.445,0.72,14.4,0.114,10.0
2014-07-07 05:00:00,10.5,1.344,0.72,14.4,0.138,3.0
2014-07-07 06:00:00,10.5,1.497,0.94,14.3,0.111,3.0
2014-07-07 07:00:00,10.5,1.434,0.9,14.3,0.099,7.0
2014-07-07 08:00:00,10.5,1.504,0.88,14.5,0.101,6.0
2014-07-07 09:00:00,10.5,1.456,0.72,14.6,0.091,5.0
2014-07-07 10:00:00,10.5,1.438,0.66,15.2,0.095,9.0
2014-07-07 11:00:00,10.5,1.438,0.66,15.2,0.095,9.0
2014-07-07 12:00:00,12.8,1.493,0.56,15.6,0.152,4.0
2014-07-07 13:00:00,12.8,1.415,0.44,16.3,0.11,4.0
2014-07-07 14:00:00,12.8,1.458,0.49,18.6,0.11,4.0
2014-07-07 15:00:00,12.8,1.448,0.52,20.1,0.108,4.0
2014-07-07 16:00:00,12.7,1.437,0.71,20.4,0.109,4.0
2014-07-07 17:00:00,12.7,1.437,0.71,20.4,0.109,4.0
2014-07-07 18:00:00,12.7,1.437,0.71,20.4,0.109,4.0
2014-07-07 19:00:00,12.7,1.437,0.71,20.4,0.109,4.0
2014-07-07 20:00:00,12.7,1.437,0.71,20.4,0.109,4.0
2014-07-07 21:00:00,12.7,1.437,0.71,20.4,0.109,4.0
2014-07-07 22:00:00,12.7,1.437,0.71,20.4,0.109,4.0
2014-07-07 23:00:00,12.7,1.437,0.71,20.4,0.109,4.0
2014-07-08 00:00:00,12.7,1.437,0.71,20.4,0.109,4.0
2014-07-08 01:00:00,12.7,1.437,0.71,20.4,0.109,4.0
2014-07-08 02:00:00,12.7,1.437,0.71,20.4,0.109,4.0
2014-07-08 03:00:00,12.7,1.437,0.71,20.4,0.109,4.0
2014-07-08 04:00:00,12.7,1.437,0.71,20.4,0.109,4.0
2014-07-08 05:00:00,12.7,1.437,0.71,20.4,0.109,4.0
2014-07-08 06:00:00,12.7,1.437,0.71,20.4,0.109,4.0
2014-07-08 07:00:00,12.7,1.437,0.71,20.4,0.109,4.0
2014-07-08 08:00:00,12.4,1.569,0.77,15.8,0.102,6.0
2014-07-08 09:00:00,12.4,1.43,0.83,15.2,0.182,3.0
2014-07-08 10:00:00,12.4,1.469,0.73,15.4,0.215,3.0
2014-07-08 11:00:00,12.4,1.469,0.73,15.4,0.215,3.0
2014-07-08 12:00:00,12.4,1.476,0.87,15.9,0.171,3.0
2014-07-08 13:00:00,12.4,1.479,0.89,16.2,0.161,2.0
2014-07-08 14:00:00,12.3,1.483,0.77,16.3,0.173,3.0
2014-07-08 15:00:00,12.3,1.43,0.72,16.4,0.161,3.0
2014-07-08 16:00:00,12.3,1.47,0.69,16.5,0.154,3.0
2014-07-08 17:00:00,12.3,1.474,0.69,16.7,0.155,4.0
2014-07-08 18:00:00,12.3,1.515,0.67,16.7,0.166,3.0
2014-07-08 19:00:00,12.3,1.458,0.66,16.6,0.166,3.0
2014-07-08 20:00:00,12.2,1.579,0.69,16.4,0.19,3.0
2014-07-08 21:00:00,12.2,1.522,0.72,16.3,0.2,3.0
2014-07-08 22:00:00,12.2,1.474,0.72,16.3,0.223,3.0
2014-07-08 23:00:00,12.2,1.478,0.71,16.3,0.184,3.0
2014-07-09 00:00:00,12.2,1.563,0.65,16.3,0.183,3.0
2014-07-09 01:00:00,12.2,1.471,0.79,16.3,0.183,4.0
2014-07-09 02:00:00,12.2,1.579,0.34,18.5,0.151,3.0
2014-07-09 03:00:00,12.2,1.527,0.33,18.5,0.142,3.0
2014-07-09 04:00:00,12.2,1.513,0.34,18.6,0.126,3.0
2014-07-09 05:00:00,12.2,1.492,0.32,18.6,0.115,3.0
2014-07-09 06:00:00,12.2,1.522,0.32,18.5,0.1,3.0
2014-07-09 07:00:00,12.2,1.452,0.35,18.5,0.215,2.0
2014-07-09 08:00:00,12.1,1.481,0.34,18.5,0.213,2.0
2014-07-09 09:00:00,12.1,1.604,0.38,18.7,0.246,3.0
2014-07-09 10:00:00,12.1,1.522,0.4,18.9,0.226,3.0
2014-07-09 11:00:00,12.1,1.566,0.39,19.2,0.213,3.0
2014-07-09 12:00:00,12.1,1.585,1.54,19.9,0.196,3.0
2014-07-09 13:00:00,12.1,1.54,0.65,20.2,0.19,3.0
2014-07-09 14:00:00,12.1,1.535,0.62,20.3,0.204,3.0
2014-07-09 15:00:00,12.1,1.51,0.53,20.4,0.209,3.0
2014-07-09 16:00:00,12.1,1.528,0.52,20.5,0.213,3.0
2014-07-09 17:00:00,12.1,1.529,0.41,20.7,0.208,3.0
2014-07-09 18:00:00,12.1,1.511,0.39,20.7,0.21,3.0
2014-07-09 19:00:00,12.1,1.578,0.39,20.6,0.194,4.0
2014-07-09 20:00:00,12.1,1.55,0.39,20.5,0.179,4.0
2014-07-09 21:00:00,12.1,1.604,0.44,20.3,0.179,3.0
2014-07-09 22:00:00,12.0,1.621,0.46,20.3,0.182,3.0
2014-07-09 23:00:00,12.0,1.564,0.51,20.3,0.193,2.0
2014-07-10 00:00:00,12.0,1.596,0.84,20.2,0.183,3.0
2014-07-10 01:00:00,12.0,1.573,0.7,20.0,0.166,4.0
2014-07-10 02:00:00,12.0,1.596,0.63,19.9,0.151,7.0
2014-07-10 03:00:00,12.0,1.575,0.53,19.7,0.134,4.0
2014-07-10 04:00:00,12.0,1.575,0.53,19.7,0.134,4.0
2014-07-10 05:00:00,12.0,1.592,0.55,19.6,0.132,3.0
2014-07-10 06:00:00,12.0,1.568,0.57,19.5,0.126,3.0
2014-07-10 07:00:00,12.0,1.59,0.52,19.5,0.12,3.0
2014-07-10 08:00:00,12.0,1.59,0.52,19.5,0.12,3.0
2014-07-10 09:00:00,12.0,1.59,0.52,19.5,0.12,3.0
2014-07-10 10:00:00,12.0,1.59,0.52,19.5,0.12,3.0
2014-07-10 11:00:00,12.0,1.59,0.52,19.5,0.12,3.0
2014-07-10 12:00:00,11.9,1.692,0.41,20.5,0.201,2.0
2014-07-10 13:00:00,11.9,1.691,0.41,20.7,0.216,3.0
2014-07-10 14:00:00,11.9,1.653,0.42,21.1,0.219,3.0
2014-07-10 15:00:00,11.9,1.643,0.41,21.2,0.243,3.0
2014-07-10 16:00:00,11.9,1.589,0.43,21.2,0.234,3.0
2014-07-10 17:00:00,11.9,1.599,0.49,21.3,0.232,3.0
2014-07-10 18:00:00,11.9,1.625,0.53,21.1,0.244,3.0
2014-07-10 19:00:00,11.9,1.602,0.58,21.0,0.208,3.0
2014-07-10 20:00:00,11.9,1.645,0.73,20.8,0.223,3.0
2014-07-10 21:00:00,11.9,1.606,0.7,20.8,0.213,3.0
2014-07-10 22:00:00,11.9,1.648,0.65,20.6,0.193,3.0
2014-07-10 23:00:00,11.9,1.677,1.01,20.5,0.189,3.0
2014-07-11 00:00:00,11.9,1.649,1.97,20.3,0.17,3.0
2014-07-11 01:00:00,11.9,1.644,1.28,20.1,0.161,3.0
2014-07-11 02:00:00,11.9,1.648,1.17,19.8,0.156,3.0
2014-07-11 03:00:00,11.8,1.653,0.84,19.5,0.143,2.0
2014-07-11 04:00:00,11.8,1.647,1.21,19.4,0.137,5.0
2014-07-11 05:00:00,11.8,1.583,0.76,19.3,0.129,2.0
2014-07-11 06:00:00,11.8,1.621,0.81,19.0,0.129,3.0
2014-07-11 07:00:00,11.8,1.587,0.68,18.8,0.118,8.0
2014-07-11 08:00:00,11.8,1.628,0.74,18.8,0.127,7.0
2014-07-11 09:00:00,11.8,1.632,0.76,19.0,0.133,4.0
2014-07-11 10:00:00,11.8,1.613,0.63,19.2,0.108,4.0
2014-07-11 11:00:00,11.8,1.675,0.66,19.4,0.103,5.0
2014-07-11 12:00:00,11.8,1.632,0.6,19.6,0.113,3.0
2014-07-11 13:00:00,11.8,1.67,0.56,20.0,0.138,8.0
2014-07-11 14:00:00,11.8,1.663,0.56,20.2,0.125,4.0
2014-07-11 15:00:00,11.8,1.604,0.53,20.2,0.118,2.0
2014-07-11 16:00:00,11.8,1.585,0.52,20.2,0.136,10.0
2014-07-11 17:00:00,11.8,1.573,0.58,20.0,0.143,3.0
2014-07-11 18:00:00,11.8,1.564,0.65,20.2,0.139,2.0
2014-07-11 19:00:00,11.8,1.569,0.67,19.8,0.136,7.0
2014-07-11 20:00:00,11.8,1.628,0.76,19.4,0.145,6.0
2014-07-11 21:00:00,11.7,1.609,0.78,19.2,0.138,4.0
2014-07-11 22:00:00,11.7,1.575,0.97,19.0,0.13,3.0
2014-07-11 23:00:00,11.7,1.583,0.7,19.2,0.132,2.0
2014-07-12 00:00:00,11.7,1.583,0.7,19.2,0.132,2.0
2014-07-12 01:00:00,11.7,1.603,0.85,18.6,0.108,7.0
2014-07-12 02:00:00,11.7,1.592,1.02,18.0,0.092,7.0
2014-07-12 03:00:00,11.7,1.606,0.99,17.6,0.1,6.0
2014-07-12 04:00:00,11.7,1.601,0.78,18.3,0.084,4.0
2014-07-12 05:00:00,11.7,1.543,0.82,18.1,0.082,5.0
2014-07-12 06:00:00,11.7,1.562,0.76,17.9,0.075,4.0
2014-07-12 07:00:00,11.7,1.561,1.06,17.5,0.079,8.0
2014-07-12 08:00:00,11.7,1.538,0.85,17.3,0.083,7.0
2014-07-12 09:00:00,11.7,1.514,0.75,17.1,0.08,7.0
2014-07-12 10:00:00,11.7,1.616,0.95,17.0,0.079,6.0
2014-07-12 11:00:00,11.7,1.535,1.37,16.4,0.085,4.0
2014-07-12 12:00:00,11.7,1.583,1.21,15.6,0.082,4.0
2014-07-12 13:00:00,11.7,1.493,1.02,15.3,0.077,4.0
2014-07-12 14:00:00,11.7,1.489,1.05,15.2,0.089,3.0
2014-07-12 15:00:00,11.7,1.538,0.97,14.5,0.086,3.0
2014-07-12 16:00:00,11.7,1.547,1.15,14.0,0.093,10.0
2014-07-12 17:00:00,11.7,1.568,1.1,13.6,0.095,4.0
2014-07-12 18:00:00,11.6,1.519,1.08,13.3,0.093,8.0
2014-07-12 19:00:00,11.7,1.502,0.86,13.1,0.102,7.0
2014-07-12 20:00:00,11.6,1.553,0.71,12.5,0.113,6.0
2014-07-12 21:00:00,11.6,1.484,0.69,13.8,0.095,6.0
2014-07-12 22:00:00,11.6,1.538,0.68,13.1,0.101,4.0
2014-07-12 23:00:00,11.6,1.446,0.66,12.8,0.1,8.0
2014-07-13 00:00:00,11.6,1.675,1.26,12.9,0.095,4.0
2014-07-13 01:00:00,11.6,1.575,0.7,12.9,0.117,7.0
2014-07-13 02:00:00,11.6,1.368,0.67,13.1,0.104,7.0
2014-07-13 03:00:00,11.6,1.591,0.65,13.0,0.106,6.0
2014-07-13 04:00:00,11.6,1.597,0.61,13.1,0.115,5.0
2014-07-13 05:00:00,11.6,1.517,0.64,13.6,0.109,10.0
2014-07-13 06:00:00,11.6,1.54,0.75,14.3,0.103,3.0
2014-07-13 07:00:00,11.6,1.512,0.76,14.4,0.113,4.0
2014-07-13 08:00:00,11.6,1.496,0.78,14.8,0.13,3.0
2014-07-13 09:00:00,11.6,1.538,0.82,15.0,0.149,3.0
2014-07-13 10:00:00,11.6,1.587,0.47,16.0,0.156,3.0
2014-07-13 11:00:00,11.6,1.506,0.44,16.8,0.158,2.0
2014-07-13 12:00:00,11.6,1.499,0.37,17.1,0.18,3.0
2014-07-13 13:00:00,11.6,1.549,0.37,17.7,0.186,3.0
2014-07-13 14:00:00,11.6,1.554,0.33,20.2,0.165,3.0
2014-07-13 15:00:00,11.6,1.594,0.32,20.4,0.172,3.0
2014-07-13 16:00:00,11.6,1.532,0.46,20.5,0.161,3.0
2014-07-13 17:00:00,11.6,1.516,0.46,20.1,0.178,4.0
2014-07-13 18:00:00,11.6,1.519,0.68,20.9,0.162,4.0
2014-07-13 19:00:00,11.6,1.519,0.49,19.6,0.144,4.0
2014-07-13 20:00:00,11.6,1.497,0.65,19.4,0.153,7.0
2014-07-13 21:00:00,11.6,1.497,0.61,19.4,0.121,4.0
2014-07-13 22:00:00,11.6,1.47,0.61,19.0,0.1,5.0
2014-07-13 23:00:00,11.6,1.542,0.54,18.2,0.104,4.0
2014-07-14 00:00:00,11.6,1.5,0.61,16.9,0.102,4.0
2014-07-14 01:00:00,11.6,1.606,0.62,16.3,0.102,4.0
2014-07-14 02:00:00,11.6,1.58,0.54,17.1,0.134,4.0
2014-07-14 03:00:00,11.6,1.536,0.52,17.4,0.153,4.0
2014-07-14 04:00:00,11.5,1.575,0.55,17.3,0.161,2.0
2014-07-14 05:00:00,11.5,1.547,0.51,16.7,0.157,2.0
2014-07-14 06:00:00,11.5,1.537,0.53,16.5,0.128,2.0
2014-07-14 07:00:00,11.5,1.515,0.52,16.3,0.116,3.0
2014-07-14 08:00:00,11.5,1.518,0.39,17.3,0.1,7.0
2014-07-14 09:00:00,11.5,1.505,0.37,17.7,0.099,6.0
2014-07-14 10:00:00,11.5,1.469,0.41,17.8,0.102,6.0
2014-07-14 11:00:00,11.5,1.561,0.48,17.8,0.144,4.0
2014-07-14 12:00:00,11.5,1.594,0.52,17.9,0.206,2.0
2014-07-14 13:00:00,11.5,1.482,0.53,18.3,0.213,3.0
2014-07-14 14:00:00,11.5,1.589,0.63,18.9,0.199,3.0
2014-07-14 15:00:00,11.5,1.532,1.13,19.4,0.182,2.0
2014-07-14 16:00:00,11.5,1.577,0.67,19.5,0.177,2.0
2014-07-14 17:00:00,11.5,1.516,0.5,19.3,0.164,3.0
2014-07-14 18:00:00,11.5,1.544,0.52,19.2,0.165,3.0
2014-07-14 19:00:00,11.5,1.548,0.53,19.0,0.15,3.0
2014-07-14 20:00:00,11.5,1.527,0.6,18.9,0.165,3.0
2014-07-14 21:00:00,11.5,1.506,0.67,19.1,0.188,2.0
2014-07-14 22:00:00,11.5,1.527,0.48,18.6,0.185,2.0
2014-07-14 23:00:00,11.5,1.533,0.53,18.5,0.282,3.0
2014-07-15 00:00:00,11.5,1.588,0.63,18.4,0.301,3.0
2014-07-15 01:00:00,11.5,1.571,0.85,18.5,0.296,3.0
2014-07-15 02:00:00,11.5,1.599,1.06,18.3,0.302,4.0
2014-07-15 03:00:00,11.5,1.6,1.06,18.2,0.301,4.0
2014-07-15 04:00:00,11.5,1.606,1.2,18.2,0.319,4.0
2014-07-15 05:00:00,11.5,1.606,1.2,18.2,0.319,4.0
2014-07-15 06:00:00,11.5,1.555,1.46,18.1,0.293,4.0
2014-07-15 07:00:00,11.5,1.595,2.05,18.0,0.284,5.0
2014-07-15 08:00:00,11.5,1.595,2.05,18.0,0.284,5.0
2014-07-15 09:00:00,11.5,1.591,3.17,18.0,0.296,5.0
2014-07-15 10:00:00,11.5,1.573,4.91,18.0,0.315,4.0
2014-07-15 11:00:00,11.5,1.573,1.6,18.3,0.336,5.0
2014-07-15 12:00:00,11.4,1.6,1.82,18.5,0.386,5.0
2014-07-15 13:00:00,11.4,1.6,1.82,18.5,0.386,5.0
2014-07-15 14:00:00,11.4,1.583,2.22,18.7,0.324,5.0
2014-07-15 15:00:00,11.4,1.623,3.2,18.8,0.32,5.0
2014-07-15 16:00:00,11.4,1.607,2.48,18.7,0.339,5.0
2014-07-15 17:00:00,11.4,1.607,2.48,18.7,0.339,5.0
2014-07-15 18:00:00,11.4,1.607,2.48,18.7,0.339,5.0
2014-07-15 19:00:00,11.4,1.602,2.8,18.8,0.304,4.0
2014-07-15 20:00:00,11.4,1.661,3.73,18.7,0.351,4.0
